{"cameraMode":{"drawMode":0,"name":"Shaded","section":"Shading Mode"},"sceneLighting":true,"audioPlay":false,"sceneViewState":{"m_AlwaysRefresh":true,"showFog":true,"showSkybox":true,"showFlares":true,"showImageEffects":true,"showParticleSystems":true,"showVisualEffectGraphs":true,"m_FxEnabled":true},"in2DMode":false,"pivot":{"x":128.25482177734376,"y":429.3722229003906,"z":-106.44146728515625},"rotation":{"x":-0.028261570259928705,"y":-0.12799356877803803,"z":-0.003648813348263502,"w":0.9913656711578369},"size":572.455810546875,"orthographic":false}