{"cameraMode":{"drawMode":0,"name":"Shaded","section":"Shading Mode"},"sceneLighting":true,"audioPlay":false,"sceneViewState":{"m_AlwaysRefresh":true,"showFog":true,"showSkybox":true,"showFlares":true,"showImageEffects":true,"showParticleSystems":true,"showVisualEffectGraphs":true,"m_FxEnabled":true},"in2DMode":false,"pivot":{"x":937.9554443359375,"y":575.0667724609375,"z":132.02505493164063},"rotation":{"x":-0.19017353653907777,"y":-0.09789790213108063,"z":0.019062364473938943,"w":-0.9766714572906494},"size":506.85247802734377,"orthographic":false}