{"cameraMode":{"drawMode":0,"name":"Shaded","section":"Shading Mode"},"sceneLighting":true,"audioPlay":false,"sceneViewState":{"m_AlwaysRefresh":true,"showFog":true,"showSkybox":true,"showFlares":true,"showImageEffects":true,"showParticleSystems":true,"showVisualEffectGraphs":true,"m_FxEnabled":true},"in2DMode":false,"pivot":{"x":-0.5112040638923645,"y":2.2484548091888429,"z":0.3624544143676758},"rotation":{"x":-0.028261570259928705,"y":-0.12799356877803803,"z":-0.003648813348263502,"w":0.9913656711578369},"size":2.2537028789520265,"orthographic":false}