{"cameraMode":{"drawMode":0,"name":"Shaded","section":"Shading Mode"},"sceneLighting":true,"audioPlay":false,"sceneViewState":{"m_AlwaysRefresh":true,"showFog":true,"showSkybox":true,"showFlares":true,"showImageEffects":true,"showParticleSystems":true,"showVisualEffectGraphs":true,"m_FxEnabled":true},"in2DMode":false,"pivot":{"x":2.962470054626465,"y":44.832908630371097,"z":18.999969482421876},"rotation":{"x":0.0699673444032669,"y":0.23185400664806367,"z":-0.016722317785024644,"w":0.9700886607170105},"size":57.37980270385742,"orthographic":true}