{"cameraMode":{"drawMode":0,"name":"Shaded","section":"Shading Mode"},"sceneLighting":true,"audioPlay":false,"sceneViewState":{"m_AlwaysRefresh":true,"showFog":true,"showSkybox":true,"showFlares":true,"showImageEffects":true,"showParticleSystems":true,"showVisualEffectGraphs":true,"m_FxEnabled":true},"in2DMode":false,"pivot":{"x":0.15964770317077638,"y":-2.0010275840759279,"z":14.060174942016602},"rotation":{"x":0.0699673444032669,"y":0.23185400664806367,"z":-0.016722317785024644,"w":0.9700886607170105},"size":10.93023681640625,"orthographic":true}