{"cameraMode":{"drawMode":0,"name":"Shaded","section":"Shading Mode"},"sceneLighting":true,"audioPlay":false,"sceneViewState":{"m_AlwaysRefresh":true,"showFog":true,"showSkybox":true,"showFlares":true,"showImageEffects":true,"showParticleSystems":true,"showVisualEffectGraphs":true,"m_FxEnabled":true},"in2DMode":false,"pivot":{"x":103.74102020263672,"y":-107.9427490234375,"z":-83.53999328613281},"rotation":{"x":0.20718137919902802,"y":-0.5218446850776672,"z":0.13235874474048615,"w":0.8168447017669678},"size":464.27825927734377,"orthographic":false}